,track,artist,peak_pos,last_week,weeks_on_chart,chart_pos,isNew,chart_week,chart
55071,Breathless,Taylor Swift,72,0,1,72,True,2010-02-13 00:00:00,hot-100
62040,A Milli,Lil Wayne,6,30,23,41,False,2008-10-11 00:00:00,hot-100
27092,All Day,"Kanye West Featuring Theophilus London, Allan Kingdom & Paul McCartney",15,91,15,93,False,2015-06-27 00:00:00,hot-100
36066,Runnin' Outta Moonlight,Randy Houser,24,64,20,67,False,2013-10-05 00:00:00,hot-100
48469,Not Ready To Die,Avenged Sevenfold,70,0,1,70,True,2011-05-21 00:00:00,hot-100
25386,Plastic Bag,Drake & Future,78,78,2,87,False,2015-10-24 00:00:00,hot-100
4291,Carter Son,YoungBoy Never Broke Again,62,62,2,92,False,2019-11-02 00:00:00,hot-100
11050,Ratchet Happy Birthday,Drake,51,0,1,51,True,2018-07-14 00:00:00,hot-100
18492,Culture,Migos Featuring DJ Khaled,93,0,1,93,True,2017-02-18 00:00:00,hot-100
8992,Best Part,Daniel Caesar Featuring H.E.R.,75,83,19,93,False,2018-12-08 00:00:00,hot-100
19395,Fade,Kanye West,47,71,13,96,False,2016-12-17 00:00:00,hot-100
55093,Eight Second Ride,Jake Owen,70,88,13,94,False,2010-02-13 00:00:00,hot-100
30089,Handsome And Wealthy,Migos,79,88,8,90,False,2014-11-29 00:00:00,hot-100
65346,Who Knew,P!nk,9,41,36,47,False,2008-02-23 00:00:00,hot-100
40039,Stupid Boy,Cassadee Pope,40,0,1,40,True,2012-12-29 00:00:00,hot-100
18441,Blue Ain't Your Color,Keith Urban,24,36,21,42,False,2017-02-18 00:00:00,hot-100
392,Chicago Freestyle,Drake Featuring Giveon,14,93,12,93,False,2020-08-01 00:00:00,hot-100
17196,Call On Me,Starley,65,80,18,97,False,2017-05-20 00:00:00,hot-100
33677,Sanctified,Rick Ross Featuring Kanye West & Big Sean,78,0,1,78,True,2014-03-22 00:00:00,hot-100
4568,XXL,DaBaby,69,0,1,69,True,2019-10-12 00:00:00,hot-100
22597,Jimmy Choo,Fetty Wap,65,89,11,98,False,2016-05-07 00:00:00,hot-100
19082,Change,J. Cole,21,21,2,83,False,2017-01-07 00:00:00,hot-100
32599,Can't Remember To Forget You,Shakira Featuring Rihanna,15,93,19,100,False,2014-06-07 00:00:00,hot-100
30297,Hope You Get Lonely Tonight,Cole Swindell,50,87,20,98,False,2014-11-15 00:00:00,hot-100
72749,Savin' Me,Nickelback,19,42,28,50,False,2006-09-23 00:00:00,hot-100
24894,Hold My Hand,Jess Glynne,86,87,6,95,False,2015-11-28 00:00:00,hot-100
51587,Hope She Cheats On You (With A Basketball Player),Marsha Ambrosius,88,0,1,88,True,2010-10-16 00:00:00,hot-100
46751,MegaMan,Lil Wayne,52,0,1,52,True,2011-09-17 00:00:00,hot-100
4275,Make It Right,BTS Featuring Lauv,76,0,2,76,False,2019-11-02 00:00:00,hot-100
63696,Nine In The Afternoon,Panic! At The Disco,51,87,19,97,False,2008-06-21 00:00:00,hot-100
99,Be Kind,Marshmello & Halsey,29,88,15,100,False,2020-08-22 00:00:00,hot-100
56567,Small Town USA,Justin Moore,44,63,20,68,False,2009-10-31 00:00:00,hot-100
40099,Finally Found You,Enrique Iglesias Featuring Sammy Adams,24,92,14,100,False,2012-12-29 00:00:00,hot-100
43590,Sex Ain't Better Than Love,Trey Songz,80,86,6,91,False,2012-04-28 00:00:00,hot-100
5993,Big Ole Freak,Megan Thee Stallion,65,93,12,94,False,2019-07-06 00:00:00,hot-100
2159,Strawberry Peels,Lil Uzi Vert Featuring Young Thug & Gunna,60,0,1,60,True,2020-03-28 00:00:00,hot-100
11880,Bartier Cardi,Cardi B Featuring 21 Savage,14,75,20,81,False,2018-05-19 00:00:00,hot-100
41093,Lover's Eyes,Mumford & Sons,85,85,2,94,False,2012-10-20 00:00:00,hot-100
9789,Dope New Gospel,Lil Wayne Featuring Nivea,90,0,1,90,True,2018-10-13 00:00:00,hot-100
1464,Social Distancing,Lil Baby,65,0,1,65,True,2020-05-16 00:00:00,hot-100
29298,Neon Light,Blake Shelton,43,89,20,99,False,2015-01-24 00:00:00,hot-100
25690,Should've Been Us,Tori Kelly,51,68,10,91,False,2015-10-03 00:00:00,hot-100
71995,Crash Here Tonight,Toby Keith,96,0,1,96,True,2006-11-18 00:00:00,hot-100
61594,The Day That Never Comes,Metallica,31,92,10,95,False,2008-11-15 00:00:00,hot-100
29894,This Is How We Do,Katy Perry,24,91,18,95,False,2014-12-13 00:00:00,hot-100
39771,Kiss Tomorrow Goodbye,Luke Bryan,29,64,20,72,False,2013-01-19 00:00:00,hot-100
38440,Catch My Breath,Kelly Clarkson,19,37,24,41,False,2013-04-20 00:00:00,hot-100
8383,Lost In Japan,Shawn Mendes X Zedd,48,71,16,84,False,2019-01-19 00:00:00,hot-100
74399,Get Drunk And Be Somebody,Toby Keith,47,96,20,100,False,2006-06-03 00:00:00,hot-100
48192,As Long As You're There,Glee Cast,93,0,1,93,True,2011-06-11 00:00:00,hot-100
26377,Fire N Gold,Bea Miller,78,0,1,78,True,2015-08-15 00:00:00,hot-100
11192,"Woman, Amen",Dierks Bentley,53,88,12,93,False,2018-07-07 00:00:00,hot-100
60597,Universal Mind Control,Common Featuring Pharrell,62,84,6,98,False,2009-01-24 00:00:00,hot-100
49498,U Smile,Justin Bieber,27,94,4,99,False,2011-03-12 00:00:00,hot-100
15095,Fetish,Selena Gomez Featuring Gucci Mane,27,87,12,96,False,2017-10-14 00:00:00,hot-100
1591,Rough Ryder,YoungBoy Never Broke Again,92,0,1,92,True,2020-05-09 00:00:00,hot-100
10195,1942,G-Eazy Featuring Yo Gotti & YBN Nahmir,70,79,8,96,False,2018-09-15 00:00:00,hot-100
18645,You Was Right,Lil Uzi Vert,40,40,28,46,False,2017-02-04 00:00:00,hot-100
8687,Gnarly,Kodak Black Featuring Lil Pump,88,0,1,88,True,2018-12-29 00:00:00,hot-100
46468,Fix A Heart,Demi Lovato,69,0,1,69,True,2011-10-08 00:00:00,hot-100
13340,What Lovers Do,Maroon 5 Featuring SZA,9,31,22,41,False,2018-02-03 00:00:00,hot-100
75886,Bop To The Top,Lucas Grabeel & Ashley Tisdale,62,62,2,87,False,2006-02-18 00:00:00,hot-100
44586,Tattoos On This Town,Jason Aldean,38,72,20,87,False,2012-02-18 00:00:00,hot-100
24490,Already Callin' You Mine,Parmalee,91,100,3,91,False,2015-12-26 00:00:00,hot-100
9392,New Patek,Lil Uzi Vert,24,90,7,93,False,2018-11-10 00:00:00,hot-100
63650,Feels Like Tonight,Daughtry,24,46,20,51,False,2008-06-21 00:00:00,hot-100
6197,XanaX Damage,Future,98,0,1,98,True,2019-06-22 00:00:00,hot-100
9723,What About Me,Lil Wayne Featuring Sosamann,24,0,1,24,True,2018-10-13 00:00:00,hot-100
16784,Self-Made,Bryson Tiller,85,0,1,85,True,2017-06-17 00:00:00,hot-100
13966,Go Legend,Big Sean & Metro Boomin Featuring Travis Scott,67,0,1,67,True,2017-12-30 00:00:00,hot-100
6464,Running Out Of Time,"Tyler, The Creator",65,0,1,65,True,2019-06-01 00:00:00,hot-100
11575,Youth,Shawn Mendes Featuring Khalid,65,0,2,76,False,2018-06-09 00:00:00,hot-100
45384,Sparks Fly,Taylor Swift,17,65,20,85,False,2011-12-24 00:00:00,hot-100
42047,Springsteen,Eric Church,19,45,22,48,False,2012-08-11 00:00:00,hot-100
18289,Wanna Be That Song,Brett Eldredge,46,88,20,90,False,2017-03-04 00:00:00,hot-100
4297,DHL,Frank Ocean,98,0,1,98,True,2019-11-02 00:00:00,hot-100
569,P*$$y Fairy (OTW),Jhene Aiko,40,59,25,70,False,2020-07-18 00:00:00,hot-100
44343,I Like It Like That,Hot Chelle Rae Featuring New Boyz,28,38,20,44,False,2012-03-03 00:00:00,hot-100
2749,Only The Young,Taylor Swift,50,0,1,50,True,2020-02-15 00:00:00,hot-100
72047,U And Dat,E-40 Featuring T-Pain & Kandi Girl,13,42,25,48,False,2006-11-11 00:00:00,hot-100
22491,Acquainted,The Weeknd,60,75,18,92,False,2016-05-14 00:00:00,hot-100
184,Invisible String,Taylor Swift,37,37,2,85,False,2020-08-15 00:00:00,hot-100
13768,Thunder/Young Dumb & Broke (Medley),Imagine Dragons + Khalid,69,0,1,69,True,2018-01-06 00:00:00,hot-100
63390,Last Time,Trey Songz,69,95,13,91,False,2008-07-12 00:00:00,hot-100
76385,Presidential,YoungBloodZ,81,93,12,86,False,2006-01-14 00:00:00,hot-100
65598,Firecracker,Josh Turner,50,84,20,99,False,2008-02-09 00:00:00,hot-100
9679,Belly,Lil Baby & Gunna,80,0,1,80,True,2018-10-20 00:00:00,hot-100
64497,Got Me Going,DAY26,79,87,3,98,False,2008-04-26 00:00:00,hot-100
23792,Gonna Know We Were Here,Jason Aldean,54,74,16,93,False,2016-02-13 00:00:00,hot-100
53380,Leave Right Now,Will Young,81,0,1,81,True,2010-06-12 00:00:00,hot-100
40444,Hard To Love,Lee Brice,27,34,23,45,False,2012-12-01 00:00:00,hot-100
12268,Tell Me You Love Me,Demi Lovato,53,62,20,69,False,2018-04-21 00:00:00,hot-100
29555,About The Money,T.I. Featuring Young Thug,42,50,20,56,False,2015-01-03 00:00:00,hot-100
49288,Someone Else Calling You Baby,Luke Bryan,56,73,20,89,False,2011-03-26 00:00:00,hot-100
2372,Lil Top,YoungBoy Never Broke Again,28,28,2,73,False,2020-03-14 00:00:00,hot-100
20299,No Shopping,French Montana Featuring Drake,36,98,11,100,False,2016-10-15 00:00:00,hot-100
1339,Heart On Ice,Rod Wave,25,46,27,40,False,2020-05-23 00:00:00,hot-100
6,Savage Love (Laxed - Siren Beat),Jawsh 685 x Jason Derulo,7,7,9,7,False,2020-08-22 00:00:00,hot-100
8,Go Crazy,Chris Brown & Young Thug,9,9,14,9,False,2020-08-22 00:00:00,hot-100
31995,Keep Them Kisses Comin',Craig Campbell,72,79,10,96,False,2014-07-19 00:00:00,hot-100
4645,Speechless,Dan + Shay,24,46,40,46,False,2019-10-05 00:00:00,hot-100
11696,Outside Today,YoungBoy Never Broke Again,31,80,19,97,False,2018-06-02 00:00:00,hot-100
41189,Enough Of No Love,Keyshia Cole Featuring Lil Wayne,84,88,9,90,False,2012-10-13 00:00:00,hot-100
42598,So Good,B.o.B,11,94,18,99,False,2012-07-07 00:00:00,hot-100
17682,Jorja Interlude,Drake,49,49,2,83,False,2017-04-15 00:00:00,hot-100
59870,Tonight,Jonas Brothers,8,89,4,71,False,2009-03-14 00:00:00,hot-100
40997,Just What I Am,Kid Cudi Featuring King Chip,74,74,2,98,False,2012-10-27 00:00:00,hot-100
18740,I Hate U I Love U,gnash Featuring Olivia O'Brien,10,33,39,41,False,2017-01-28 00:00:00,hot-100
11361,"Freeee (Ghost Town, Pt. 2)",KIDS SEE GHOSTS,62,0,1,62,True,2018-06-23 00:00:00,hot-100
50976,Cannibal,Ke$ha,77,0,1,77,True,2010-11-27 00:00:00,hot-100
27053,Chains,Nick Jonas,13,43,20,54,False,2015-06-27 00:00:00,hot-100
63999,Falsetto,The-Dream,30,88,19,100,False,2008-05-31 00:00:00,hot-100
46097,Quickie,Miguel,62,93,14,98,False,2011-11-05 00:00:00,hot-100
39343,Clique,"Kanye West, Jay-Z, Big Sean",12,39,22,44,False,2013-02-16 00:00:00,hot-100
48088,1+1,Beyonce,57,57,2,89,False,2011-06-18 00:00:00,hot-100
34873,Mine Would Be You,Blake Shelton,28,63,20,74,False,2013-12-28 00:00:00,hot-100
32348,Story Of My Life,One Direction,6,44,32,49,False,2014-06-21 00:00:00,hot-100
46789,Nightmares Of The Bottom,Lil Wayne,90,0,1,90,True,2011-09-17 00:00:00,hot-100
63992,No Matter What,T.I.,72,72,2,93,False,2008-05-31 00:00:00,hot-100
13286,Emoji A Chain,Migos,87,0,1,87,True,2018-02-10 00:00:00,hot-100
44399,Raise Your Weapon,deadmau5 Featuring Greta Svabo Bech,100,0,1,100,True,2012-03-03 00:00:00,hot-100
38789,So Many Girls,"DJ Drama Featuring Wale, Tyga & Roscoe Dash",90,0,1,90,True,2013-03-30 00:00:00,hot-100
32285,Empire,Shakira,58,81,12,86,False,2014-06-28 00:00:00,hot-100
51464,Papa Can You Hear Me?,Glee Cast,65,0,1,65,True,2010-10-23 00:00:00,hot-100
57596,D.O.A. (Death Of Auto-Tune),JAY-Z,24,86,7,97,False,2009-08-22 00:00:00,hot-100
69880,Dashboard,Modest Mouse,61,69,6,81,False,2007-04-14 00:00:00,hot-100
68496,G.N.O. (Girl's Night Out),Miley Cyrus,91,91,2,97,False,2007-07-21 00:00:00,hot-100
74494,Say Somethin',Mariah Carey Featuring Snoop Dogg,79,79,5,95,False,2006-05-27 00:00:00,hot-100
71587,The Kill (Bury Me),30 Seconds To Mars,65,83,20,88,False,2006-12-16 00:00:00,hot-100
39493,Til My Last Day,Justin Moore,51,85,20,94,False,2013-02-09 00:00:00,hot-100
26595,Lord Knows,Meek Mill,88,88,2,96,False,2015-08-01 00:00:00,hot-100
47796,So In Love,Jill Scott Featuring Anthony Hamilton,97,0,1,97,True,2011-07-09 00:00:00,hot-100
33979,Achy Breaky 2,Buck 22 Featuring Billy Ray Cyrus,80,0,1,80,True,2014-03-01 00:00:00,hot-100
7785,365,Zedd & Katy Perry,86,0,1,86,True,2019-03-02 00:00:00,hot-100
13985,Untouchable,Eminem,86,0,1,86,True,2017-12-30 00:00:00,hot-100
62198,If I Never See Your Face Again,Maroon 5 Featuring Rihanna,51,90,20,99,False,2008-10-04 00:00:00,hot-100
564,West Coast Shit,Pop Smoke Featuring Tyga & Quavo,65,0,1,65,True,2020-07-18 00:00:00,hot-100
40873,Pontoon,Little Big Town,22,67,20,74,False,2012-11-03 00:00:00,hot-100
46995,On My Level,Wiz Khalifa Featuring Too $hort,52,88,9,96,False,2011-09-03 00:00:00,hot-100
37885,If I Didn't Have You,Thompson Square,49,71,20,86,False,2013-06-01 00:00:00,hot-100
37989,Tonight I'm Getting Over You,Carly Rae Jepsen Featuring Nicki Minaj,90,0,1,90,True,2013-05-25 00:00:00,hot-100
54393,American Saturday Night,Brad Paisley,67,82,15,94,False,2010-04-03 00:00:00,hot-100
15279,Found You,Kane Brown,80,0,1,80,True,2017-09-30 00:00:00,hot-100
66897,Potential Breakup Song,Aly & AJ,17,0,17,98,False,2007-11-10 00:00:00,hot-100
40370,Just A Fool,Christina Aguilera With Blake Shelton,71,92,2,71,False,2012-12-08 00:00:00,hot-100
51692,Bittersweet,Fantasia,74,84,12,93,False,2010-10-09 00:00:00,hot-100
57,Greece,DJ Khaled Featuring Drake,8,56,4,58,False,2020-08-22 00:00:00,hot-100
60374,Roll With Me,Montgomery Gentry,33,60,20,75,False,2009-02-07 00:00:00,hot-100
44555,Human Nature,Glee Cast,56,0,1,56,True,2012-02-18 00:00:00,hot-100
35883,Furthest Thing,Drake,56,56,2,84,False,2013-10-19 00:00:00,hot-100
32395,Red Lights,Tiesto,56,76,13,96,False,2014-06-21 00:00:00,hot-100
10199,Summertime Magic,Childish Gambino,44,0,5,100,False,2018-09-15 00:00:00,hot-100
64446,Crying Out For Me,Mario,33,40,20,47,False,2008-04-26 00:00:00,hot-100
19485,Slumber Party,Britney Spears Featuring Tinashe,86,0,1,86,True,2016-12-10 00:00:00,hot-100
69998,Famous Last Words,My Chemical Romance,88,0,7,99,False,2007-04-07 00:00:00,hot-100
51866,Undo It,Carrie Underwood,23,59,20,67,False,2010-09-25 00:00:00,hot-100
22462,Forward,Beyonce Featuring James Blake,63,0,1,63,True,2016-05-14 00:00:00,hot-100
47785,Best Friend's Brother,Victorious Cast Featuring Victoria Justice,86,94,4,86,False,2011-07-09 00:00:00,hot-100
64858,Piece Of Me,Britney Spears,18,53,20,59,False,2008-03-29 00:00:00,hot-100
33785,The Heart Of Dixie,Danielle Bradbery,58,84,13,86,False,2014-03-15 00:00:00,hot-100
21389,Came Here To Forget,Blake Shelton,36,86,19,90,False,2016-07-30 00:00:00,hot-100
32682,Fever,The Black Keys,77,83,3,83,False,2014-05-31 00:00:00,hot-100
41936,Feel So Close,Calvin Harris,12,38,26,37,False,2012-08-18 00:00:00,hot-100
24782,If I Could Fly,One Direction,83,0,1,83,True,2015-12-05 00:00:00,hot-100
30267,No Mediocre,T.I. Featuring Iggy Azalea,33,56,20,68,False,2014-11-15 00:00:00,hot-100
74193,Hustler Musik,Lil Wayne,87,0,6,94,False,2006-06-17 00:00:00,hot-100
55697,I Get It In,Omarion Featuring Gucci Mane,83,92,7,98,False,2010-01-02 00:00:00,hot-100
69670,Pain,Three Days Grace,44,70,20,71,False,2007-04-28 00:00:00,hot-100
17681,4422,Drake Featuring Sampha,50,50,2,82,False,2017-04-15 00:00:00,hot-100
1663,BLAME IT ON BABY,DaBaby,64,0,1,64,True,2020-05-02 00:00:00,hot-100
50295,Check It Out,will.i.am & Nicki Minaj,24,88,15,96,False,2011-01-15 00:00:00,hot-100
8292,Can't Leave Without It,21 Savage,58,70,4,93,False,2019-01-26 00:00:00,hot-100
65884,1234,Feist,8,59,15,85,False,2008-01-19 00:00:00,hot-100
8657,MoshPit,Kodak Black Featuring Juice WRLD,58,0,1,58,True,2018-12-29 00:00:00,hot-100
35833,Walking On Air,Katy Perry,34,0,1,34,True,2013-10-19 00:00:00,hot-100
17698,Nothings Into Somethings,Drake,61,61,2,99,False,2017-04-15 00:00:00,hot-100
46580,Out Of My Head,Lupe Fiasco Featuring Trey Songz,40,79,17,81,False,2011-10-01 00:00:00,hot-100
56390,Under,Pleasure P,78,84,10,91,False,2009-11-14 00:00:00,hot-100
55398,Bad Habits,Maxwell,71,0,14,99,False,2010-01-23 00:00:00,hot-100
12873,You Broke Up With Me,Walker Hayes,62,64,19,74,False,2018-03-10 00:00:00,hot-100
60577,Come On Get Higher,Matt Nathanson,59,67,20,78,False,2009-01-24 00:00:00,hot-100
32591,Leave Your Lover,Sam Smith,92,0,1,92,True,2014-06-07 00:00:00,hot-100
74593,The Only Difference Between Martyrdom And Suicide Is Press Coverage,Panic! At The Disco,77,91,8,94,False,2006-05-20 00:00:00,hot-100
64954,Watching Airplanes,Gary Allan,43,54,20,55,False,2008-03-22 00:00:00,hot-100
53035,I Made It (Cash Money Heroes),"Kevin Rudolf Featuring Birdman, Jay Sean, & Lil Wayne",21,35,20,36,False,2010-07-03 00:00:00,hot-100
7161,Ilomilo,Billie Eilish,62,0,1,62,True,2019-04-13 00:00:00,hot-100
23246,Antidote,Travis Scott,16,40,26,47,False,2016-03-19 00:00:00,hot-100
49097,Shake Me Down,Cage The Elephant,78,0,4,98,False,2011-04-09 00:00:00,hot-100
33843,Safe And Sound,Capital Cities,8,46,43,44,False,2014-03-08 00:00:00,hot-100
6456,Jealous,"DJ Khaled Featuring Chris Brown, Lil Wayne & Big Sean",57,0,1,57,True,2019-06-01 00:00:00,hot-100
4562,REALLY,DaBaby Featuring Stunna 4 Vegas,63,0,1,63,True,2019-10-12 00:00:00,hot-100
48076,Colder Weather,Zac Brown Band,29,76,20,77,False,2011-06-18 00:00:00,hot-100
11179,Numb,XXXTENTACION,80,82,3,80,False,2018-07-07 00:00:00,hot-100
19153,False Prophets,J. Cole,54,93,2,54,False,2016-12-31 00:00:00,hot-100
9399,Drowns The Whiskey,Jason Aldean Featuring Miranda Lambert,32,99,19,100,False,2018-11-10 00:00:00,hot-100
15946,The Fighter,Keith Urban Featuring Carrie Underwood,38,0,23,47,False,2017-08-12 00:00:00,hot-100
10595,Coming Home,Keith Urban Featuring Julia Michaels,50,51,7,96,False,2018-08-18 00:00:00,hot-100
73099,Enough Cryin,Mary J. Blige Featuring Brook-Lyn,32,87,20,100,False,2006-09-02 00:00:00,hot-100
69676,Poppin',Chris Brown Featuring Jay Biz,42,72,20,77,False,2007-04-28 00:00:00,hot-100
28285,The Heart Wants What It Wants,Selena Gomez,6,82,20,86,False,2015-04-04 00:00:00,hot-100
76394,Stricken,Disturbed,95,0,3,95,False,2006-01-14 00:00:00,hot-100
27796,Ride Out,"Kid Ink, Tyga, Wale, YG & Rich Homie Quan",70,84,3,97,False,2015-05-09 00:00:00,hot-100
39797,Ice,Kelly Rowland Featuring Lil Wayne,88,100,12,98,False,2013-01-19 00:00:00,hot-100
15990,Imitadora,Romeo Santos,91,0,1,91,True,2017-08-12 00:00:00,hot-100
37842,Give It All We Got Tonight,George Strait,43,56,20,43,False,2013-06-01 00:00:00,hot-100
55493,Gettin' You Home,Chris Young,33,0,20,94,False,2010-01-16 00:00:00,hot-100
11128,Walk It Talk It,Migos Featuring Drake,10,24,22,29,False,2018-07-07 00:00:00,hot-100
29285,Close Your Eyes,Parmalee,69,74,16,86,False,2015-01-24 00:00:00,hot-100
46846,She Ain't You,Chris Brown,27,36,20,47,False,2011-09-10 00:00:00,hot-100
43763,I Dont Really Care,Waka Flocka Flame Featuring Trey Songz,64,0,1,64,True,2012-04-14 00:00:00,hot-100
53172,Not Myself Tonight,Christina Aguilera,23,0,8,73,False,2010-06-26 00:00:00,hot-100
66896,Empty Walls,Serj Tankian,97,0,1,97,True,2007-11-10 00:00:00,hot-100
33375,G.U.Y.,Lady Gaga,76,0,1,76,True,2014-04-12 00:00:00,hot-100
29658,The Old Rugged Cross,Craig Wayne Boyd,59,0,1,59,True,2014-12-27 00:00:00,hot-100
73179,Don't Forget To Remember Me,Carrie Underwood,49,74,17,80,False,2006-08-26 00:00:00,hot-100
35142,Only Time,Enya,10,0,32,43,False,2013-12-07 00:00:00,hot-100
27594,Nobody Love,Tori Kelly,60,60,11,95,False,2015-05-23 00:00:00,hot-100
1085,Hasta Que Dios Diga,Anuel AA & Bad Bunny,86,0,1,86,True,2020-06-13 00:00:00,hot-100
94,B*tch From da Souf,Mulatto,95,0,1,95,True,2020-08-22 00:00:00,hot-100
24387,Strip It Down,Luke Bryan,30,80,20,88,False,2016-01-02 00:00:00,hot-100
57267,Not Meant To Be,Theory Of A Deadman,55,73,21,68,False,2009-09-12 00:00:00,hot-100
55949,Obsessed,Mariah Carey,7,38,21,50,False,2009-12-12 00:00:00,hot-100
46188,Still Got It,Tyga Featuring Drake,89,0,1,89,True,2011-10-29 00:00:00,hot-100
72397,Chemicals React,Aly & AJ,50,69,4,98,False,2006-10-21 00:00:00,hot-100
1285,Pain 1993,Drake Featuring Playboi Carti,7,51,3,86,False,2020-05-30 00:00:00,hot-100
19370,Love To Lay,The Weeknd,71,0,1,71,True,2016-12-17 00:00:00,hot-100
64584,Supernatural Superserious,R.E.M.,85,0,1,85,True,2008-04-19 00:00:00,hot-100
21687,Ain't No Stopping Us Now,Kane Brown,88,0,1,88,True,2016-07-09 00:00:00,hot-100
63180,Violet Hill,Coldplay,40,75,10,81,False,2008-07-26 00:00:00,hot-100
19783,The Difference,Meek Mill Featuring Quavo,84,0,1,84,True,2016-11-19 00:00:00,hot-100
47442,Blow,Ke$ha,7,34,26,43,False,2011-07-30 00:00:00,hot-100
26896,Pretty Girls,Britney Spears & Iggy Azalea,29,81,8,97,False,2015-07-11 00:00:00,hot-100
22874,Stand By You,Rachel Platten,37,77,20,75,False,2016-04-16 00:00:00,hot-100
69857,Snow ((Hey Oh)),Red Hot Chili Peppers,22,53,20,58,False,2007-04-14 00:00:00,hot-100
30086,18,One Direction,87,0,1,87,True,2014-11-29 00:00:00,hot-100
28245,Chandelier,Sia,8,47,46,46,False,2015-04-04 00:00:00,hot-100
6178,Put A Date On It,Yo Gotti Featuring Lil Baby,46,73,20,79,False,2019-06-22 00:00:00,hot-100
67471,Lean Like A Cholo,Down A.K.A. Kilo,34,66,20,72,False,2007-09-29 00:00:00,hot-100
72189,Like Red On A Rose,Alan Jackson,80,89,5,90,False,2006-11-04 00:00:00,hot-100
54647,Meet Me Halfway,The Black Eyed Peas,7,43,24,48,False,2010-03-13 00:00:00,hot-100
68796,All Good Things (Come To An End),Nelly Furtado,86,86,4,97,False,2007-06-30 00:00:00,hot-100
53298,Roger That,Young Money,56,83,11,99,False,2010-06-19 00:00:00,hot-100
31647,Not A Bad Thing,Justin Timberlake,8,38,22,48,False,2014-08-09 00:00:00,hot-100
9497,Get Dripped,Lil Yachty Featuring Playboi Carti,98,0,1,98,True,2018-11-03 00:00:00,hot-100
60595,Arab Money,Busta Rhymes Featuring Ron Browz,86,97,6,96,False,2009-01-24 00:00:00,hot-100
14498,Mad Stalkers,"21 Savage, Offset & Metro Boomin",99,0,1,99,True,2017-11-25 00:00:00,hot-100
27094,I Want You To Know,Zedd Featuring Selena Gomez,17,93,16,95,False,2015-06-27 00:00:00,hot-100
59883,Love Is On Its Way,Jonas Brothers,84,0,1,84,True,2009-03-14 00:00:00,hot-100
35846,Same Love,Macklemore & Ryan Lewis Featuring Mary Lambert,11,32,30,47,False,2013-10-19 00:00:00,hot-100
57894,You Don't Belong,Daughtry,95,0,1,95,True,2009-08-01 00:00:00,hot-100
18695,Just Hold On,Steve Aoki & Louis Tomlinson,52,99,6,96,False,2017-02-04 00:00:00,hot-100
11667,Change Lanes,Kevin Gates,68,0,1,68,True,2018-06-02 00:00:00,hot-100
4493,Die For Me,Post Malone Featuring Future & Halsey,20,80,5,94,False,2019-10-19 00:00:00,hot-100
12188,Anybody,Young Thug Featuring Nicki Minaj,89,0,1,89,True,2018-04-28 00:00:00,hot-100
46297,Love Don't Run,Steve Holy,78,89,7,98,False,2011-10-22 00:00:00,hot-100
17489,Think A Little Less,Michael Ray,54,86,16,90,False,2017-04-29 00:00:00,hot-100
68591,Make Some Noise,Hannah Montana,92,0,1,92,True,2007-07-14 00:00:00,hot-100
23294,Til It Happens To You,Lady Gaga,95,0,1,95,True,2016-03-19 00:00:00,hot-100
5359,How About Now,Drake,60,0,1,60,True,2019-08-17 00:00:00,hot-100
14697,Bedroom Floor,Liam Payne,98,0,1,98,True,2017-11-11 00:00:00,hot-100
5689,Like A Rodeo,Kane Brown,90,0,1,90,True,2019-07-27 00:00:00,hot-100
10385,Kiss Somebody,Morgan Evans,53,53,8,86,False,2018-09-01 00:00:00,hot-100
16782,Me Enamore,Shakira,83,0,2,83,False,2017-06-17 00:00:00,hot-100
54492,Feel It,Three 6 Mafia Vs. Tiesto With Sean Kingston & Flo Rida,78,78,2,93,False,2010-03-27 00:00:00,hot-100
12197,Five More Minutes,Scotty McCreery,44,89,20,98,False,2018-04-28 00:00:00,hot-100
38395,Changed,Rascal Flatts,73,92,8,96,False,2013-04-27 00:00:00,hot-100
44499,Snitches Ain't...,"YG Featuring Tyga, Snoop Dogg & Nipsey Hussle",100,0,1,100,True,2012-02-25 00:00:00,hot-100
2956,Black Swan,BTS,57,0,1,57,True,2020-02-01 00:00:00,hot-100
26646,G.D.F.R.,Flo Rida Featuring Sage The Gemini & Lookas,8,47,35,47,False,2015-07-25 00:00:00,hot-100
75389,Nasty Girl,"The Notorious B.I.G. Featuring Diddy, Nelly, Jagged Edge & Avery Storm",44,78,15,90,False,2006-03-25 00:00:00,hot-100
30770,Drunk On A Plane,Dierks Bentley,27,65,20,71,False,2014-10-11 00:00:00,hot-100
53143,Over The Rainbow,Glee Cast,44,0,1,44,True,2010-06-26 00:00:00,hot-100
56495,Honky Tonk Stomp,Brooks & Dunn Featuring Billy Gibbons,96,100,3,96,False,2009-11-07 00:00:00,hot-100
39872,Oath,Cher Lloyd Featuring Becky G,73,0,2,73,False,2013-01-12 00:00:00,hot-100
35050,Red,Taylor Swift,6,53,22,51,False,2013-12-14 00:00:00,hot-100
28,The Woo,Pop Smoke Featuring 50 Cent & Roddy Ricch,11,30,6,29,False,2020-08-22 00:00:00,hot-100
62594,Girls Around The World,Lloyd Featuring Lil Wayne,64,86,14,95,False,2008-09-06 00:00:00,hot-100
51393,Le Jazz Hot,Glee Cast,94,0,1,94,True,2010-10-30 00:00:00,hot-100
62799,Learning How To Bend,Gary Allan,96,98,4,100,False,2008-08-23 00:00:00,hot-100
57770,Kiss A Girl,Keith Urban,16,77,20,71,False,2009-08-08 00:00:00,hot-100
52889,Wrong Baby Wrong,Martina McBride,74,80,15,90,False,2010-07-17 00:00:00,hot-100
68,Bang!,AJR,69,78,6,69,False,2020-08-22 00:00:00,hot-100
2092,Yessirskiii,Lil Uzi Vert & 21 Savage,26,26,2,93,False,2020-04-04 00:00:00,hot-100
494,Beer Can't Fix,Thomas Rhett Featuring Jon Pardi,36,88,18,95,False,2020-07-25 00:00:00,hot-100
28650,Wonderland,Taylor Swift,51,0,1,51,True,2015-03-07 00:00:00,hot-100
29161,"Touchin, Lovin",Trey Songz Featuring Nicki Minaj,43,58,20,62,False,2015-01-31 00:00:00,hot-100
18595,Song For Another Time,Old Dominion,59,83,18,96,False,2017-02-11 00:00:00,hot-100
23383,Hollow,Tori Kelly,68,68,11,84,False,2016-03-12 00:00:00,hot-100
24795,Temporary Fix,One Direction,96,0,1,96,True,2015-12-05 00:00:00,hot-100
30047,Leave The Night On,Sam Hunt,30,38,21,48,False,2014-11-29 00:00:00,hot-100
7664,How Did I Get Here,Offset Featuring  J. Cole,65,0,1,65,True,2019-03-09 00:00:00,hot-100
22369,Pray You Catch Me,Beyonce,37,37,2,70,False,2016-05-21 00:00:00,hot-100
21590,Grammys,Drake Featuring Future,38,93,9,91,False,2016-07-16 00:00:00,hot-100
36752,Hey Pretty Girl,Kip Moore,41,42,20,53,False,2013-08-17 00:00:00,hot-100
27797,Trouble,Iggy Azalea Featuring Jennifer Hudson,67,83,5,98,False,2015-05-09 00:00:00,hot-100
22084,Fire & Desire,Drake,75,75,4,85,False,2016-06-11 00:00:00,hot-100
4079,Cash Shit,Megan Thee Stallion Featuring DaBaby,36,80,20,80,False,2019-11-16 00:00:00,hot-100
43043,"Young, Wild & Free",Snoop Dogg & Wiz Khalifa Featuring Bruno Mars,7,41,32,44,False,2012-06-02 00:00:00,hot-100
16896,Either Way,Chris Stapleton,89,0,2,97,False,2017-06-10 00:00:00,hot-100
12673,Midnight,Logic,74,0,1,74,True,2018-03-24 00:00:00,hot-100
6794,Numb Numb Juice,ScHoolboy Q,55,0,2,95,False,2019-05-11 00:00:00,hot-100
72588,Ghetto Story Chapter 2,Cham Featuring Alicia Keys,77,90,7,89,False,2006-10-07 00:00:00,hot-100
74796,Always On Your Side,Sheryl Crow & Sting,33,81,8,97,False,2006-05-06 00:00:00,hot-100
2572,Thug Love,A Boogie Wit da Hoodie,73,0,1,73,True,2020-02-29 00:00:00,hot-100
12090,This Is Me,Keala Settle & The Greatest Showman Ensemble,58,83,14,91,False,2018-05-05 00:00:00,hot-100
72680,A Public Affair,Jessica Simpson,14,55,12,81,False,2006-09-30 00:00:00,hot-100
3898,Hell Right,Blake Shelton Featuring Trace Adkins,99,0,1,99,True,2019-11-30 00:00:00,hot-100
36349,Crash My Party,Luke Bryan,18,38,21,50,False,2013-09-14 00:00:00,hot-100
30268,Welcome To New York,Taylor Swift,48,48,2,69,False,2014-11-15 00:00:00,hot-100
697,X,Jonas Brothers Featuring Karol G,33,85,7,98,False,2020-07-11 00:00:00,hot-100
4696,Shameless,Camila Cabello,60,95,3,97,False,2019-10-05 00:00:00,hot-100
4189,INTRO,DaBaby,13,67,6,90,False,2019-11-09 00:00:00,hot-100
5061,London Boy,Taylor Swift,62,0,1,62,True,2019-09-07 00:00:00,hot-100
14280,Relationship,Young Thug Featuring Future,65,86,14,81,False,2017-12-09 00:00:00,hot-100
11599,The Games We Play,Pusha T,100,0,1,100,True,2018-06-09 00:00:00,hot-100
2781,Good News,Mac Miller,17,54,4,82,False,2020-02-15 00:00:00,hot-100
73396,Original Fire,Audioslave,79,79,2,97,False,2006-08-12 00:00:00,hot-100
9680,My Blood,twenty one pilots,81,0,1,81,True,2018-10-20 00:00:00,hot-100
9735,Famous,Lil Wayne Featuring Reginae Carter,36,0,1,36,True,2018-10-13 00:00:00,hot-100
63876,The Music Of The Night,David Cook,77,0,1,77,True,2008-06-07 00:00:00,hot-100
63482,There's Nothin,Sean Kingston Featuring Elan & Juelz Santana,60,74,8,83,False,2008-07-05 00:00:00,hot-100
18270,Helium,Sia,71,0,1,71,True,2017-03-04 00:00:00,hot-100
35257,Everything Has Changed,Taylor Swift Featuring Ed Sheeran,32,55,20,58,False,2013-11-30 00:00:00,hot-100
13049,Roll In Peace,Kodak Black Featuring XXXTENTACION,31,47,26,50,False,2018-02-24 00:00:00,hot-100
26499,Dance Like We're Making Love,Ciara,100,0,1,100,True,2015-08-08 00:00:00,hot-100
54,Bluebird,Miranda Lambert,26,40,19,55,False,2020-08-22 00:00:00,hot-100
6644,You Say,Lauren Daigle,29,43,43,45,False,2019-05-18 00:00:00,hot-100
63363,The Boss,Rick Ross Featuring T-Pain,17,57,20,64,False,2008-07-12 00:00:00,hot-100
8876,Splash Warning,"Meek Mill Featuring Future, Roddy Ricch & Young Thug",77,0,1,77,True,2018-12-15 00:00:00,hot-100
25192,Live From The Gutter,Drake & Future,74,93,5,93,False,2015-11-07 00:00:00,hot-100
33484,Love Me Again,John Newman,30,66,18,85,False,2014-04-05 00:00:00,hot-100
23298,Walking On A Dream,Empire Of The Sun,65,90,5,99,False,2016-03-19 00:00:00,hot-100
8790,TIC TOC,6ix9ine Featuring Lil Baby,53,53,3,91,False,2018-12-22 00:00:00,hot-100
45754,Smile Back,Mac Miller,55,0,1,55,True,2011-11-26 00:00:00,hot-100
71788,When Your Heart Stops Beating,(+44),89,0,1,89,True,2006-12-02 00:00:00,hot-100
53347,Carry Out,Timbaland Featuring Justin Timberlake,11,37,26,48,False,2010-06-12 00:00:00,hot-100
30095,Made Me,Snootie Wild Featuring K Camp,93,93,3,96,False,2014-11-29 00:00:00,hot-100
62687,BB Good,Jonas Brothers,88,0,1,88,True,2008-08-30 00:00:00,hot-100
33848,Whatever She's Got,David Nail,35,45,21,49,False,2014-03-08 00:00:00,hot-100
60591,Right Here (Departed),Brandy,34,81,18,92,False,2009-01-24 00:00:00,hot-100
4776,All To Myself,Dan + Shay,31,67,20,77,False,2019-09-28 00:00:00,hot-100
53983,Fearless,Taylor Swift,9,78,15,84,False,2010-05-01 00:00:00,hot-100
17974,Supermarket Flowers,Ed Sheeran,75,0,1,75,True,2017-03-25 00:00:00,hot-100
2697,Jerry Sprunger,Tory Lanez & T-Pain,44,92,10,98,False,2020-02-22 00:00:00,hot-100
18696,Beibs In The Trap,Travis Scott,90,90,3,97,False,2017-02-04 00:00:00,hot-100
38579,The Phoenix,Fall Out Boy,80,0,1,80,True,2013-04-13 00:00:00,hot-100
36188,Wop,J. Dash,51,93,15,89,False,2013-09-28 00:00:00,hot-100
14372,Call It What You Want,Taylor Swift,27,27,2,73,False,2017-12-02 00:00:00,hot-100
30244,Latch,Disclosure Featuring Sam Smith,7,43,33,45,False,2014-11-15 00:00:00,hot-100
25793,One Man Can Change The World,Big Sean Featuring Kanye West & John Legend,82,82,10,94,False,2015-09-26 00:00:00,hot-100
1270,Hitek Tek,Future,71,0,1,71,True,2020-05-30 00:00:00,hot-100
61474,Bartender Song,Rehab,64,72,20,75,False,2008-11-22 00:00:00,hot-100
44089,The Trouble With Girls,Scotty McCreery,55,81,18,90,False,2012-03-24 00:00:00,hot-100
2171,Leaders,Lil Uzi Vert Featuring NAV,72,0,1,72,True,2020-03-28 00:00:00,hot-100
53541,Naturally,Selena Gomez & The Scene,29,40,21,42,False,2010-05-29 00:00:00,hot-100
21890,Feel No Ways,Drake,53,80,6,91,False,2016-06-25 00:00:00,hot-100
25148,Flex (Ooh Ooh Ooh),Rich Homie Quan,26,44,27,49,False,2015-11-07 00:00:00,hot-100
5257,Talk You Out Of It,Florida Georgia Line,57,57,26,58,False,2019-08-24 00:00:00,hot-100
11883,Barbie Tingz,Nicki Minaj,25,0,4,84,False,2018-05-19 00:00:00,hot-100
21795,Might Not,Belly Featuring The Weeknd,68,84,17,96,False,2016-07-02 00:00:00,hot-100
61371,The Way I Loved You,Taylor Swift,72,0,1,72,True,2008-11-29 00:00:00,hot-100
61781,Johnny & June,Heidi Newfield,58,62,15,82,False,2008-11-01 00:00:00,hot-100
71583,Ser O Parecer,RBD,84,0,1,84,True,2006-12-16 00:00:00,hot-100
2792,Get Me,Justin Bieber Featuring Kehlani,93,0,1,93,True,2020-02-15 00:00:00,hot-100
49646,When I Get You Alone,Glee Cast,47,0,1,47,True,2011-02-26 00:00:00,hot-100
55091,My City Of Ruins (Live From The Kennedy Center Honors),Eddie Vedder,92,0,1,92,True,2010-02-13 00:00:00,hot-100
51993,Bed Intruder Song,Antoine Dodson & The Gregory Brothers Featuring Kelly Dodson,89,92,3,94,False,2010-09-18 00:00:00,hot-100
15659,Craving You,Thomas Rhett Featuring Maren Morris,39,63,20,60,False,2017-09-02 00:00:00,hot-100
63181,Trying To Stop Your Leaving,Dierks Bentley,73,73,15,82,False,2008-07-26 00:00:00,hot-100
2890,Darkness,Eminem,28,28,2,91,False,2020-02-08 00:00:00,hot-100
21599,Dark Necessities,Red Hot Chili Peppers,67,67,2,100,False,2016-07-16 00:00:00,hot-100
73741,Ms. New Booty,Bubba Sparxxx Featuring Ying Yang Twins & Mr. ColliPark,7,33,24,42,False,2006-07-15 00:00:00,hot-100
12084,The Long Way,Brett Eldredge,65,65,12,85,False,2018-05-05 00:00:00,hot-100
25295,Change Locations,Drake & Future,82,86,3,96,False,2015-10-31 00:00:00,hot-100
4091,Selah,Kanye West,19,19,2,92,False,2019-11-16 00:00:00,hot-100
3348,"You're A Mean One, Mr. Grinch",Thurl Ravenscroft,49,0,1,49,True,2020-01-04 00:00:00,hot-100
11497,New Freezer,Rich The Kid Featuring Kendrick Lamar,41,90,19,98,False,2018-06-16 00:00:00,hot-100
62599,Teenage Love Affair,Alicia Keys,54,97,16,100,False,2008-09-06 00:00:00,hot-100
1548,Goosebumps,Travis Scott,32,0,35,49,False,2020-05-09 00:00:00,hot-100
54097,4 My Town (Play Ball),Birdman Featuring Drake & Lil Wayne,90,0,3,98,False,2010-04-24 00:00:00,hot-100
4144,Every Hour,Kanye West Featuring Sunday Service Choir,45,0,1,45,True,2019-11-09 00:00:00,hot-100
15598,Know No Better,"Major Lazer Featuring Travis Scott, Camila Cabello & Quavo",87,0,3,99,False,2017-09-09 00:00:00,hot-100
1065,TKN,ROSALIA & Travis Scott,66,0,1,66,True,2020-06-13 00:00:00,hot-100
49796,Fire Flame,Birdman Featuring Lil Wayne,64,94,10,97,False,2011-02-19 00:00:00,hot-100
19993,I Met A Girl,William Michael Morgan,60,78,9,94,False,2016-11-05 00:00:00,hot-100
25294,Fly,Maddie & Tae,61,70,14,95,False,2015-10-31 00:00:00,hot-100
53797,Love King,The-Dream,92,98,3,98,False,2010-05-15 00:00:00,hot-100
58177,I'm On A Boat,The Lonely Island Featuring T-Pain,56,64,20,78,False,2009-07-11 00:00:00,hot-100
55060,Cowboy Casanova,Carrie Underwood,11,55,20,61,False,2010-02-13 00:00:00,hot-100
38688,Who Booty,Jonn Hart Featuring IamSU!,66,85,15,89,False,2013-04-06 00:00:00,hot-100
31299,Dare (La La La),Shakira,53,0,11,100,False,2014-09-06 00:00:00,hot-100
28548,Glory,Common & John Legend,49,99,3,49,False,2015-03-14 00:00:00,hot-100
50940,One Love (People Get Ready),Glee Cast,41,0,1,41,True,2010-11-27 00:00:00,hot-100
7299,Love Wins,Carrie Underwood,83,100,10,100,False,2019-04-06 00:00:00,hot-100
5154,What's The Move,Young Thug Featuring Lil Uzi Vert,55,0,1,55,True,2019-08-31 00:00:00,hot-100
26341,Girl Crush,Little Big Town,18,36,24,42,False,2015-08-15 00:00:00,hot-100
58163,If U Seek Amy,Britney Spears,19,56,20,64,False,2009-07-11 00:00:00,hot-100
59859,Pop Champagne,Jim Jones & Ron Browz Featuring Juelz Santana,22,53,20,60,False,2009-03-14 00:00:00,hot-100
11175,Fake Love,BTS,10,65,6,76,False,2018-07-07 00:00:00,hot-100
71695,Greatest Time Of Year,Aly & AJ,96,0,1,96,True,2006-12-09 00:00:00,hot-100
20690,Record Year,Eric Church,44,74,20,91,False,2016-09-17 00:00:00,hot-100
10455,Rich Sex,Nicki Minaj Featuring Lil Wayne,56,0,2,56,False,2018-08-25 00:00:00,hot-100
59846,Hold Up My Heart,Brooke White,47,0,1,47,True,2009-03-14 00:00:00,hot-100
57493,I Do Not Hook Up,Kelly Clarkson,20,82,18,94,False,2009-08-29 00:00:00,hot-100
11395,Drip,Cardi B Featuring Migos,21,84,10,96,False,2018-06-23 00:00:00,hot-100
18280,Way Down We Go,KALEO,54,71,8,81,False,2017-03-04 00:00:00,hot-100
11255,IDGAF,Dua Lipa,49,51,23,56,False,2018-06-30 00:00:00,hot-100
47176,Under And Over It,Five Finger Death Punch,77,0,1,77,True,2011-08-20 00:00:00,hot-100
35982,Young And Beautiful,Lana Del Rey,22,79,21,83,False,2013-10-12 00:00:00,hot-100
46068,Remind Me,Brad Paisley Duet With Carrie Underwood,17,63,20,69,False,2011-11-05 00:00:00,hot-100
50092,The Breath You Take,George Strait,63,74,20,93,False,2011-01-29 00:00:00,hot-100
23944,Under Pressure,Queen & David Bowie,29,0,16,45,False,2016-01-30 00:00:00,hot-100
70349,Suddenly I See,KT Tunstall,21,47,30,50,False,2007-03-10 00:00:00,hot-100
50678,Boots,The Killers,79,0,1,79,True,2010-12-18 00:00:00,hot-100
16797,No Longer Friends,Bryson Tiller,98,0,1,98,True,2017-06-17 00:00:00,hot-100
76388,Comin' To Your City,Big & Rich,72,0,6,89,False,2006-01-14 00:00:00,hot-100
70988,Love Like Winter,AFI,68,76,5,89,False,2007-01-27 00:00:00,hot-100
65194,Shake Your Pom Pom,Missy Elliott,95,0,1,95,True,2008-03-08 00:00:00,hot-100
4983,Shots,Lil Tecca,84,0,1,84,True,2019-09-14 00:00:00,hot-100
44487,Strange Clouds,B.o.B Featuring Lil Wayne,7,74,20,88,False,2012-02-25 00:00:00,hot-100
32098,Wild Wild Love,Pitbull Featuring G.R.L.,30,93,18,99,False,2014-07-12 00:00:00,hot-100
64479,Many Rivers To Cross,Annie Lennox,80,0,1,80,True,2008-04-26 00:00:00,hot-100
11260,Pray For Me,The Weeknd & Kendrick Lamar,7,44,20,61,False,2018-06-30 00:00:00,hot-100
39897,Rock Me,One Direction,98,0,1,98,True,2013-01-12 00:00:00,hot-100
66054,The Pretender,Foo Fighters,37,60,20,55,False,2008-01-05 00:00:00,hot-100
47767,Dog Days Are Over,Vicci Martinez,68,0,1,68,True,2011-07-09 00:00:00,hot-100
64536,Nude,Radiohead,37,0,1,37,True,2008-04-19 00:00:00,hot-100
75971,When There Was Me And You,Vanessa Anne Hudgens,72,0,1,72,True,2006-02-11 00:00:00,hot-100
4542,iPHONE,DaBaby & Nicki Minaj,43,0,1,43,True,2019-10-12 00:00:00,hot-100
55273,Do I,Luke Bryan,34,69,20,74,False,2010-01-30 00:00:00,hot-100
60791,See You In My Nightmares,Kanye West Featuring Lil Wayne,21,0,4,92,False,2009-01-10 00:00:00,hot-100
61787,Cry For You,September,74,79,10,88,False,2008-11-01 00:00:00,hot-100
75249,Feel Good Inc,Gorillaz,14,43,45,50,False,2006-04-01 00:00:00,hot-100
1661,BEST ON EARTH,Russ & BIA,46,52,20,62,False,2020-05-02 00:00:00,hot-100
65199,Rock Star,Hannah Montana,81,93,4,100,False,2008-03-08 00:00:00,hot-100
70790,Take Me As I Am,Mary J. Blige,58,91,17,91,False,2007-02-10 00:00:00,hot-100
5394,Days In The East,Drake,95,0,1,95,True,2019-08-17 00:00:00,hot-100
51891,Introducing Me,Nick Jonas,92,0,1,92,True,2010-09-25 00:00:00,hot-100
17166,First Time,Kygo & Ellie Goulding,67,0,1,67,True,2017-05-20 00:00:00,hot-100
15547,Castle On The Hill,Ed Sheeran,6,39,33,48,False,2017-09-09 00:00:00,hot-100
17546,Water Under The Bridge,Adele,26,46,22,47,False,2017-04-22 00:00:00,hot-100
31794,You & I (Nobody In The World),John Legend,66,66,2,95,False,2014-08-02 00:00:00,hot-100
62689,Last Name,Carrie Underwood,19,82,20,90,False,2008-08-30 00:00:00,hot-100
30442,2 On,Tinashe Featuring ScHoolboy Q,24,36,24,43,False,2014-11-01 00:00:00,hot-100
10648,One Number Away,Luke Combs,34,48,20,49,False,2018-08-11 00:00:00,hot-100
72795,Entourage,Omarion,78,79,5,96,False,2006-09-23 00:00:00,hot-100
57296,Radar,Britney Spears,88,88,3,97,False,2009-09-12 00:00:00,hot-100
35817,Gone,Kanye West Featuring Cam'ron & Consequence,18,0,1,18,True,2013-10-19 00:00:00,hot-100
47865,Today Is Your Day,Shania Twain,66,0,1,66,True,2011-07-02 00:00:00,hot-100
22363,All Night,Beyonce,38,38,2,64,False,2016-05-21 00:00:00,hot-100
73959,For You I Will (Confidence),Teddy Geiger,29,55,20,60,False,2006-07-01 00:00:00,hot-100
44898,Crawling Back To You,Daughtry,41,0,10,99,False,2012-01-28 00:00:00,hot-100
75694,Start Of Something New,"Zac Efron, Andrew Seeley & Vanessa Anne Hudgens",28,92,4,95,False,2006-03-04 00:00:00,hot-100
7661,I'll Never Love Again,Lady Gaga,36,0,7,62,False,2019-03-09 00:00:00,hot-100
72998,Hustlin',Rick Ross,54,76,17,99,False,2006-09-09 00:00:00,hot-100
73588,The Adventure,Angels & Airwaves,55,83,14,89,False,2006-07-29 00:00:00,hot-100
42176,Go Get It,T.I.,77,0,1,77,True,2012-08-04 00:00:00,hot-100
24898,Levels,Nick Jonas,44,84,12,99,False,2015-11-28 00:00:00,hot-100
36454,U.O.E.N.O.,Rocko Featuring Future & Rick Ross,20,53,20,55,False,2013-09-07 00:00:00,hot-100
41198,For You,Keith Urban,55,85,18,99,False,2012-10-13 00:00:00,hot-100
55771,This Is War,Thirty Seconds To Mars,72,0,1,72,True,2009-12-26 00:00:00,hot-100
56746,Waking Up In Vegas,Katy Perry,9,40,23,47,False,2009-10-17 00:00:00,hot-100
75869,Goodbye For Now,P.O.D.,48,48,2,70,False,2006-02-18 00:00:00,hot-100
31448,Ain't It Fun,Paramore,10,41,24,49,False,2014-08-23 00:00:00,hot-100
45187,Knock Knock,Mac Miller,88,0,1,88,True,2012-01-07 00:00:00,hot-100
66181,Bleed It Out,Linkin Park,52,82,20,82,False,2007-12-29 00:00:00,hot-100
31784,Trophies,Young Money Featuring Drake,50,82,20,85,False,2014-08-02 00:00:00,hot-100
3690,Follow God,Kanye West,7,79,6,91,False,2019-12-14 00:00:00,hot-100
29196,No Love,August Alsina,69,91,18,97,False,2015-01-31 00:00:00,hot-100
27097,L$D,A$AP Rocky,62,84,3,98,False,2015-06-27 00:00:00,hot-100
4649,Knockin' Boots,Luke Bryan,31,41,22,50,False,2019-10-05 00:00:00,hot-100
69180,Anyway,Martina McBride,32,78,16,81,False,2007-06-02 00:00:00,hot-100
18685,Timeless,A Boogie Wit da Hoodie Featuring DJ SPINKING,86,88,4,86,False,2017-02-04 00:00:00,hot-100
17268,Feel.,Kendrick Lamar,35,35,2,69,False,2017-05-13 00:00:00,hot-100
1185,Gimmick,Gunna,86,0,1,86,True,2020-06-06 00:00:00,hot-100
12687,Boom!,Lil Yachty Featuring Ugly God,88,0,1,88,True,2018-03-24 00:00:00,hot-100
35775,Sirens,Pearl Jam,76,0,1,76,True,2013-10-26 00:00:00,hot-100
11892,Blame It On Me,Post Malone,47,47,2,93,False,2018-05-19 00:00:00,hot-100
74890,She Don't Tell Me To,Montgomery Gentry,62,76,16,91,False,2006-04-29 00:00:00,hot-100
5499,Nightmare,Halsey,15,81,11,100,False,2019-08-10 00:00:00,hot-100
34095,Sweet Annie,Zac Brown Band,47,87,17,96,False,2014-02-22 00:00:00,hot-100
25166,Lose My Mind,Brett Eldredge,48,57,20,67,False,2015-11-07 00:00:00,hot-100
51564,I Am Not A Human Being,Lil Wayne,65,0,1,65,True,2010-10-16 00:00:00,hot-100
60996,Love Remembers,Craig Morgan,73,81,9,97,False,2008-12-27 00:00:00,hot-100
52371,The House That Built Me,Miranda Lambert,28,66,20,72,False,2010-08-21 00:00:00,hot-100
